x,y,z,roll,pitch,yaw,time
0.0008456818759441376,0.4183735251426697,0.008259017020463943,0.15282906591892242,-0.08063721656799316,1.2100541591644287,0
